Predicted,True,Stake,Odds,Probability,Profit,Bankroll,Segment
H,A,1.3637172358085667,1.8,0.6818586179042834,-1.3637172358085667,98.63628276419144,1.8-2.5
H,D,1.9727256552838288,1.6,0.751217870364929,-1.9727256552838288,96.66355710890761,1.3-1.8
H,H,1.9332711421781523,1.73,0.7556975062342708,1.4112879337900512,98.07484504269766,1.3-1.8
A,A,1.9614969008539533,1.45,0.8248223091352047,0.882673605384279,98.95751864808194,1.3-1.8
H,A,1.3649215111252104,1.8,0.6896502306101762,-1.3649215111252104,97.59259713695673,1.8-2.5
H,H,1.9518519427391345,1.36,0.8141750173845764,0.7026666993860886,98.29526383634281,1.3-1.8
H,H,1.3524229874466465,1.8,0.6879390393103628,1.0819383899573172,99.37720222630013,1.8-2.5
H,A,1.3125639327550545,1.82,0.6603948910566558,-1.3125639327550545,98.06463829354507,1.8-2.5
