Predicted,True,Stake,Odds,Probability,ExpectedValue,Confidence,Profit,Bankroll,ConsecutiveLosses
H,D,1.5,1.6,0.7512178703649289,1.2019485925838864,0.7512178703649289,-1.5,98.5,1
H,H,1.4775,1.73,0.7556975062342708,1.3073566857852885,0.7556975062342708,1.078575,99.578575,0
