Predicted,True,Stake,Odds,Probability,Profit,Bankroll
H,D,1.5,1.6,0.751217870364929,-1.5,98.5
H,H,1.4775,1.73,0.7556975062342708,1.078575,99.578575
H,H,1.4034986643060996,1.75,0.7047191950206656,1.0526239982295746,100.63119899822958
H,H,1.4824277484680546,1.65,0.7365646853189811,0.9635780365042353,101.59477703473381
