Predicted,True,Stake,Odds,Probability,Profit,Bankroll,HomeForm,AwayForm,FormDiff,HomeTeam,AwayTeam
H,D,1.2239541453558482,1.9,0.6119770726779241,-1.2239541453558482,98.77604585464415,0.6,0.2,0.39999999999999997,Aston Villa,Brighton
A,A,1.4816406878196622,1.45,0.8248223091352047,0.6667383095188479,99.442784164163,0.26666666666666666,0.7333333333333333,-0.4666666666666666,Wolves,Arsenal
H,H,1.350923968881035,1.77,0.6792468554836976,1.040211456038397,100.4829956202014,0.8,0.4,0.4,Aston Villa,Fulham
